file,begin,end,speaker,overall_log_likelihood,speech_log_likelihood,phone_duration_deviation,snr
chapter38,0.0,413.13095833333335,corpus,-54.164845206109455,-54.00824017936801,4.796200479802324,13.10777430339643
