file,begin,end,speaker,overall_log_likelihood,speech_log_likelihood,phone_duration_deviation,snr
chapter4,0.0,317.21095833333334,corpus,-53.78359367611362,-56.25921518511052,7.632369303874883,9.42560338599458
